Video_ID,Title,Artist,Channel,Published_At,URL,ImageURL
ETPU2RY_aCY,Ø­Ù…Ø²Ø© Ø§Ù„Ù…Ø­Ù…Ø¯Ø§ÙˆÙŠ  - Ø§ÙˆÙ„ Ù…Ø±Ø© - ( Ø­ØµÙ€Ù€Ù€Ù€Ø±ÙŠØ§Ù‹ ) | 2024 Hamza al-Mhamadawi - awl mara,Hamza Almahmdwi - Ø­Ù…Ø²Ø© Ø§Ù„Ù…Ø­Ù…Ø¯Ø§ÙˆÙŠ,Hamza Almahmdwi - Ø­Ù…Ø²Ø© Ø§Ù„Ù…Ø­Ù…Ø¯Ø§ÙˆÙŠ,2024-10-11T15:07:26Z,https://www.youtube.com/watch?v=ETPU2RY_aCY,https://i.ytimg.com/vi/ETPU2RY_aCY/mqdefault.jpg
YOSuVdRpaNE,Ø­Ø³Ø§Ù… Ø§Ù„Ø±Ø³Ø§Ù… - ÙƒÙŠÙ…Ø± Ø¹Ø±Ø¨ | Hussam Alrassam Gemar Arab 2024,Hussam AlRassam - Ø­Ø³Ø§Ù… Ø§Ù„Ø±Ø³Ø§Ù…,Hussam AlRassam - Ø­Ø³Ø§Ù… Ø§Ù„Ø±Ø³Ø§Ù…,2024-06-10T16:00:57Z,https://www.youtube.com/watch?v=YOSuVdRpaNE,https://i.ytimg.com/vi/YOSuVdRpaNE/mqdefault.jpg
tIWr1MO3uVo,Ø§Ø­Ù…Ø¯ Ø³ØªØ§Ø± - Ù†Ø§Ø±ÙŠ 2025 ( Ahmed Sattar - Nari ( Offical Music Video,Ahmed Sattar - Ø§Ø­Ù…Ø¯ Ø³ØªØ§Ø±,Ahmed Sattar - Ø§Ø­Ù…Ø¯ Ø³ØªØ§Ø±,2024-12-19T14:00:07Z,https://www.youtube.com/watch?v=tIWr1MO3uVo,https://i.ytimg.com/vi/tIWr1MO3uVo/mqdefault.jpg
rhOAyPKHWEo,Al Shami - Doctor [Official Music Video] (2025) / Ø§Ù„Ø´Ø§Ù…ÙŠ - Ø¯ÙƒØªÙˆØ±,Al Shami - Ø§Ù„Ø´Ø§Ù…ÙŠ,Al Shami - Ø§Ù„Ø´Ø§Ù…ÙŠ,2025-01-13T14:00:08Z,https://www.youtube.com/watch?v=rhOAyPKHWEo,https://i.ytimg.com/vi/rhOAyPKHWEo/mqdefault.jpg
2tnAgz-juJc,Assi El Hallani - Bahebek We Bghar | Official Music Video | Ø¹Ø§ØµÙ‰ Ø§Ù„Ø­Ù„Ø§Ù†Ù‰ - Ø¨Ø­Ø¨Ùƒ ÙˆØ¨ØºØ§Ø±,Rotana,Rotana,2012-10-06T01:37:06Z,https://www.youtube.com/watch?v=2tnAgz-juJc,https://i.ytimg.com/vi/2tnAgz-juJc/mqdefault.jpg
VkH3aMIWntw,Fadel Chaker - Ahla Rasma  | 2025 | ÙØ¶Ù„ Ø´Ø§ÙƒØ± - Ø£Ø­Ù„Ù‰ Ø±Ø³Ù…Ù‡,Fadel Chaker,Fadel Chaker,2025-04-18T15:00:07Z,https://www.youtube.com/watch?v=VkH3aMIWntw,https://i.ytimg.com/vi/VkH3aMIWntw/mqdefault.jpg
UMN1zILdLTs,Elyanna - GANENI (Official Music Video),ElyannaVEVO,ElyannaVEVO,2024-04-12T14:23:10Z,https://www.youtube.com/watch?v=UMN1zILdLTs,https://i.ytimg.com/vi/UMN1zILdLTs/mqdefault.jpg
-NK89xCWM-o,Nassif Zeytoun x Mortadha Ftiti - Ya Sidi Ensa (2024) / Ù†Ø§ØµÙŠÙ Ø²ÙŠØªÙˆÙ† ÙˆÙ…Ø±ØªØ¶Ù‰ ÙØªÙŠØªÙŠ - ÙŠØ§ Ø³ÙŠØ¯ÙŠ Ø§Ù†Ø³Ù‰,Nassif Zeytoun,Nassif Zeytoun,2024-08-21T13:00:08Z,https://www.youtube.com/watch?v=-NK89xCWM-o,https://i.ytimg.com/vi/-NK89xCWM-o/mqdefault.jpg
K5h8dim2qIQ,â¤ï¸ğŸµ Top 10 Arabic Songs You Canâ€™t Stop Listening To ğŸŒ¹ğŸ§ğŸŒ™ | Al-Layl Hams,Ù…Ù…Ù„ÙƒØ© Ø§Ù„Ø£Ù„Ø­Ø§Ù† - Mamlakat Al-Alhan,Ù…Ù…Ù„ÙƒØ© Ø§Ù„Ø£Ù„Ø­Ø§Ù† - Mamlakat Al-Alhan,2025-05-16T12:24:13Z,https://www.youtube.com/watch?v=K5h8dim2qIQ,https://i.ytimg.com/vi/K5h8dim2qIQ/mqdefault.jpg
qDzDFSItK_0,Amr Diab - Ya Ana Ya La (Official Lyric Video) | (ÙƒÙ„Ù…Ø§Øª) Ø¹Ù…Ø±Ùˆ Ø¯ÙŠØ§Ø¨ - ÙŠØ§ Ø£Ù†Ø§ ÙŠØ§ Ù„Ø§Ø¡,Amr Diab,Amr Diab,2020-12-28T14:28:49Z,https://www.youtube.com/watch?v=qDzDFSItK_0,https://i.ytimg.com/vi/qDzDFSItK_0/mqdefault.jpg
KZYqugtbcG0,Sherine - El Watar El Hassas | Ø´ÙŠØ±ÙŠÙ† - Ø§Ù„ÙˆØªØ± Ø§Ù„Ø­Ø³Ø§Ø³,Sherine,Sherine,2018-10-24T16:36:41Z,https://www.youtube.com/watch?v=KZYqugtbcG0,https://i.ytimg.com/vi/KZYqugtbcG0/mqdefault.jpg
kNIr14EyTaY,Fadel Chaker - Ya Hayat El Roh | ÙØ¶Ù„ Ø´Ø§ÙƒØ± - ÙŠØ§ Ø­ÙŠØ§Ø© Ø§Ù„Ø±ÙˆØ­,Fadel Chaker,Fadel Chaker,2024-07-03T13:00:53Z,https://www.youtube.com/watch?v=kNIr14EyTaY,https://i.ytimg.com/vi/kNIr14EyTaY/mqdefault.jpg
EgmXTmj62ic,@AmrDiab - Tamally Maak | Official Music Video - HD Version | Ø¹Ù…Ø±Ùˆ Ø¯ÙŠØ§Ø¨ - ØªÙ…Ù„ÙŠ Ù…Ø¹Ø§Ùƒ,Mazzika - Ù…Ø²ÙŠÙƒØ§,Mazzika - Ù…Ø²ÙŠÙƒØ§,2012-04-11T12:16:31Z,https://www.youtube.com/watch?v=EgmXTmj62ic,https://i.ytimg.com/vi/EgmXTmj62ic/mqdefault.jpg
5F3E4pyPV6c,Al Shami - Dwali [Official Music Video] (2024) / Ø§Ù„Ø´Ø§Ù…ÙŠ - Ø¯ÙˆØ§Ù„ÙŠ,Al Shami - Ø§Ù„Ø´Ø§Ù…ÙŠ,Al Shami - Ø§Ù„Ø´Ø§Ù…ÙŠ,2024-09-17T17:00:08Z,https://www.youtube.com/watch?v=5F3E4pyPV6c,https://i.ytimg.com/vi/5F3E4pyPV6c/mqdefault.jpg
hDd4B5yuYJY,Bessan Ismail - Al Harbein (Official Music Video) | Ø¨ÙŠØ³Ø§Ù† Ø§Ø³Ù…Ø§Ø¹ÙŠÙ„ - Ø§Ù„Ø­Ø±Ø¨ÙŠÙ†,Bessan Ismail Music,Bessan Ismail Music,2025-01-07T16:00:06Z,https://www.youtube.com/watch?v=hDd4B5yuYJY,https://i.ytimg.com/vi/hDd4B5yuYJY/mqdefault.jpg
UJdtg-XtG1c,Fares Karam El Tannoura ÙØ§Ø±Ø³ ÙƒØ±Ù… - Ø§Ù„ØªÙ†ÙˆØ±Ø©,Rotana,Rotana,2012-10-07T21:29:55Z,https://www.youtube.com/watch?v=UJdtg-XtG1c,https://i.ytimg.com/vi/UJdtg-XtG1c/mqdefault.jpg
QsKK9IXwWHk,Muzo - La3younik Ana (Official Music Video) | Ù„Ø¹ÙŠÙˆÙ†Ùƒ Ø§Ù†Ø§,MUZO,MUZO,2025-02-21T16:33:18Z,https://www.youtube.com/watch?v=QsKK9IXwWHk,https://i.ytimg.com/vi/QsKK9IXwWHk/mqdefault.jpg
traaIt5bwJw,Bessan Ismail - Hayhat (Official Music Video) | Ø¨ÙŠØ³Ø§Ù† Ø§Ø³Ù…Ø§Ø¹ÙŠÙ„ - Ù‡ÙŠÙ‡Ø§Øª,Bessan Ismail Music,Bessan Ismail Music,2025-04-06T15:00:07Z,https://www.youtube.com/watch?v=traaIt5bwJw,https://i.ytimg.com/vi/traaIt5bwJw/mqdefault.jpg
TXioVRBD5hI,Al Shami - Wein [Official Music Video] (2024) / Ø§Ù„Ø´Ø§Ù…ÙŠ - ÙˆÙŠÙ†,Al Shami - Ø§Ù„Ø´Ø§Ù…ÙŠ,Al Shami - Ø§Ù„Ø´Ø§Ù…ÙŠ,2024-07-12T13:00:09Z,https://www.youtube.com/watch?v=TXioVRBD5hI,https://i.ytimg.com/vi/TXioVRBD5hI/mqdefault.jpg
ejvpVhvKesM,Abu Ft. Yousra - 3 Daqat | Official Music Video | Ø£Ø¨Ùˆ Ùˆ ÙŠØ³Ø±Ø§ - Ø«Ù„Ø§Ø« Ø¯Ù‚Ø§Øª,Abu music,Abu music,2017-10-12T11:49:52Z,https://www.youtube.com/watch?v=ejvpVhvKesM,https://i.ytimg.com/vi/ejvpVhvKesM/mqdefault.jpg
SKfi0V8NRhQ,Tamer Ashour - Khaleeny Fi Hodnak | ØªØ§Ù…Ø± Ø¹Ø§Ø´ÙˆØ± - Ø®Ù„ÙŠÙ†ÙŠ ÙÙŠ Ø­Ø¶Ù†Ùƒ,Tamer Ashour,Tamer Ashour,2022-01-20T15:20:50Z,https://www.youtube.com/watch?v=SKfi0V8NRhQ,https://i.ytimg.com/vi/SKfi0V8NRhQ/mqdefault.jpg
ETPU2RY_aCY,Ø­Ù…Ø²Ø© Ø§Ù„Ù…Ø­Ù…Ø¯Ø§ÙˆÙŠ  - Ø§ÙˆÙ„ Ù…Ø±Ø© - ( Ø­ØµÙ€Ù€Ù€Ù€Ø±ÙŠØ§Ù‹ ) | 2024 Hamza al-Mhamadawi - awl mara,Hamza Almahmdwi - Ø­Ù…Ø²Ø© Ø§Ù„Ù…Ø­Ù…Ø¯Ø§ÙˆÙŠ,Hamza Almahmdwi - Ø­Ù…Ø²Ø© Ø§Ù„Ù…Ø­Ù…Ø¯Ø§ÙˆÙŠ,2024-10-11T15:07:26Z,https://www.youtube.com/watch?v=ETPU2RY_aCY,https://i.ytimg.com/vi/ETPU2RY_aCY/mqdefault.jpg
y70feYy4MU0,Wael Jassar - Koul Waad [ Official Video Clip ] | ÙˆØ§Ø¦Ù„ Ø¬Ø³Ø§Ø± - ÙƒÙ„ ÙˆØ¹Ø¯,Viral Wave,Viral Wave,2024-02-12T15:00:47Z,https://www.youtube.com/watch?v=y70feYy4MU0,https://i.ytimg.com/vi/y70feYy4MU0/mqdefault.jpg
EI2oxQd95z4,Assala &amp; Ahmed Saad - Sabb Farhety | Ø£ØµØ§Ù„Ø© ÙˆØ£Ø­Ù…Ø¯ Ø³Ø¹Ø¯ - Ø³Ø¨Ø¨ ÙØ±Ø­ØªÙŠ | Ø£ØºÙ†ÙŠØ© Ø¹ÙŠØ¯ Ø§Ù„Ø­Ø¨ ÙƒØ§Ù…Ù„Ø© 2024,Assala Nasri,Assala Nasri,2024-02-14T15:00:09Z,https://www.youtube.com/watch?v=EI2oxQd95z4,https://i.ytimg.com/vi/EI2oxQd95z4/mqdefault.jpg
tIWr1MO3uVo,Ø§Ø­Ù…Ø¯ Ø³ØªØ§Ø± - Ù†Ø§Ø±ÙŠ 2025 ( Ahmed Sattar - Nari ( Offical Music Video,Ahmed Sattar - Ø§Ø­Ù…Ø¯ Ø³ØªØ§Ø±,Ahmed Sattar - Ø§Ø­Ù…Ø¯ Ø³ØªØ§Ø±,2024-12-19T14:00:07Z,https://www.youtube.com/watch?v=tIWr1MO3uVo,https://i.ytimg.com/vi/tIWr1MO3uVo/mqdefault.jpg
-EyiwRGO9-Y,Ø§ÙØ¶Ù„ 5 Ø§ØºØ§Ù†ÙŠ Ø±ÙˆÙ…Ø§Ù†Ø³ÙŠØ© Ø§Ù„ÙŠØ³Ø§,Mohamed Music,Mohamed Music,2024-11-12T21:59:27Z,https://www.youtube.com/watch?v=-EyiwRGO9-Y,https://i.ytimg.com/vi/-EyiwRGO9-Y/mqdefault.jpg
WOPMpEjSGSs,Ø³Ù„Ù…Ù‰ Ø±Ø´ÙŠØ¯ - Ø³Ù…Ø¹Ù†ÙŠ Ù†Ø¨Ø¶Ùƒ  ( ÙÙŠØ¯ÙŠÙˆ ÙƒÙ„ÙŠØ¨ ) | Ø­ØµØ±ÙŠØ§ - Salma Rachid - Samaani Nabdak,HFM.Productions - Ù‡Ù…Ø§Ù… Ø­Ø³Ù†,HFM.Productions - Ù‡Ù…Ø§Ù… Ø­Ø³Ù†,2015-05-06T08:03:40Z,https://www.youtube.com/watch?v=WOPMpEjSGSs,https://i.ytimg.com/vi/WOPMpEjSGSs/mqdefault.jpg
H9MUAiBeb3w,Bahaa Sultan - Ana Mn Gherak | 2024 | Ø¨Ù‡Ø§Ø¡ Ø³Ù„Ø·Ø§Ù† - Ø§Ù†Ø§ Ù…Ù† ØºÙŠØ±Ùƒ (Ù…Ù† ÙÙŠÙ„Ù… Ø§Ù„Ù‡ÙˆÙ‰ Ø³Ù„Ø·Ø§Ù†),Craft Media | ÙƒØ±Ø§ÙØª Ù…ÙŠØ¯ÙŠØ§,Craft Media | ÙƒØ±Ø§ÙØª Ù…ÙŠØ¯ÙŠØ§,2024-10-24T20:39:58Z,https://www.youtube.com/watch?v=H9MUAiBeb3w,https://i.ytimg.com/vi/H9MUAiBeb3w/mqdefault.jpg
Hu6rkq6H9h0,Ø§Ù„Ù‡Ø¶Ø¨Ù‡ AI Ø¹Ù…Ø±Ùˆ Ø¯ÙŠØ§Ø¨ 2025 Ù…ÙÙŠØ´ ØªØºÙŠÙŠØ±ğŸ’¥ Ù‚Ø±Ø±Øª Ø§ÙƒØ¨Ø± Ø¬Ù…Ø¬Ù…ØªÙŠ ÙˆÙ‡Ø¹ÙˆÙ… Ø¯Ù†ÙŠØªÙŠ Ø¹Ù„Ù‰ Ø¹ÙˆÙ…ØªÙŠ ğŸ”¥,Singer Sherif Hamdy ğŸ™ï¸ Ø§Ù„Ù…Ø·Ø±Ø¨ Ø´Ø±ÙŠÙ Ø­Ù…Ø¯ÙŠ ,Singer Sherif Hamdy ğŸ™ï¸ Ø§Ù„Ù…Ø·Ø±Ø¨ Ø´Ø±ÙŠÙ Ø­Ù…Ø¯ÙŠ ,2025-05-16T17:50:12Z,https://www.youtube.com/watch?v=Hu6rkq6H9h0,https://i.ytimg.com/vi/Hu6rkq6H9h0/mqdefault.jpg
hwW9hbvWozM,ÙŠØ§Ù…Ø§ Ù„ÙŠØ§Ù„ÙŠ ÙˆØ§Ù†Øª Ù…Ø´ Ù…Ø¹Ø§ÙŠØ§,Release - Topic,Release - Topic,2024-07-24T09:54:53Z,https://www.youtube.com/watch?v=hwW9hbvWozM,https://i.ytimg.com/vi/hwW9hbvWozM/mqdefault.jpg
O--o-O-ABBw,Elissa &amp; Saad Lamjarred - Min Awel Dekika [Official Video] (2022) / Ø§Ù„ÙŠØ³Ø§ ÙˆØ³Ø¹Ø¯ Ù„Ù…Ø¬Ø±Ø¯ - Ù…Ù† Ø£ÙˆÙ„ Ø¯Ù‚ÙŠÙ‚Ø©,Elissa,Elissa,2022-05-04T17:00:12Z,https://www.youtube.com/watch?v=O--o-O-ABBw,https://i.ytimg.com/vi/O--o-O-ABBw/mqdefault.jpg
LQJh1K_gUg4,Old Romance ğŸ§¡ Songs l  Ø£Ø¬Ù…Ù„ Ø§Ù„Ø£ØºØ§Ù†ÙŠ Ø§Ù„Ø±ÙˆÙ…Ø§Ù†Ø³ÙŠØ© ğŸ§¡ Ø§Ù„Ù‚Ø¯ÙŠÙ…Ø©,iMediaMusicRecords,iMediaMusicRecords,2024-07-22T16:00:20Z,https://www.youtube.com/watch?v=LQJh1K_gUg4,https://i.ytimg.com/vi/LQJh1K_gUg4/mqdefault.jpg
Dzbded6Hlb4,Ahmed Batshan - Abeltak Emta | Official Lyrics Video | Ø£Ø­Ù…Ø¯ Ø¨ØªØ´Ø§Ù† - Ù‚Ø§Ø¨Ù„ØªÙƒ Ø§Ù…ØªÙ‰,Ù…ÙˆØ¯Ø±Ù† Ù…ÙŠÙˆØ²ÙŠÙƒ - Modern Music,Ù…ÙˆØ¯Ø±Ù† Ù…ÙŠÙˆØ²ÙŠÙƒ - Modern Music,2018-12-17T11:45:25Z,https://www.youtube.com/watch?v=Dzbded6Hlb4,https://i.ytimg.com/vi/Dzbded6Hlb4/mqdefault.jpg
aktY1vejF9Y,Hussain Al Jassmi - Fostanek Al Abyad | Ø­Ø³ÙŠÙ† Ø§Ù„Ø¬Ø³Ù…ÙŠ - ÙØ³ØªØ§Ù†Ùƒ Ø§Ù„Ø£Ø¨ÙŠØ¶ Ù…Ù† Ø­ÙÙ„ Ø²ÙØ§Ù Ù‡Ø´Ø§Ù… Ø¬Ù…Ø§Ù„ ÙˆÙ„ÙŠÙ„Ù‰ Ø²Ø§Ù‡Ø±,Roznama Records,Roznama Records,2025-04-24T20:50:31Z,https://www.youtube.com/watch?v=aktY1vejF9Y,https://i.ytimg.com/vi/aktY1vejF9Y/mqdefault.jpg
InalcSwrMTA,Hob Kol Hayaty ... Elissa - Lyrics| Ø­Ø¨ ÙƒÙ„ Ø­ÙŠØ§ØªÙŠ ... Ø¥Ù„ÙŠØ³Ø§ - ÙƒÙ„Ù…Ø§Øª,Rotana,Rotana,2014-07-24T20:20:06Z,https://www.youtube.com/watch?v=InalcSwrMTA,https://i.ytimg.com/vi/InalcSwrMTA/mqdefault.jpg
amyJSfeUvvY,2025 l Ø±Ø­Ù…Ù‡ Ù…Ø­Ø³Ù† &amp; Ø£Ø­Ù…Ø¯ Ø§Ù„Ø¹ÙˆØ¶ÙŠ - Ø­ÙÙ„Ø© ØªÙ†ÙƒØ±ÙŠØ© - Ø£ØºÙ†ÙŠØ© Ø§Ù„ÙØ±Ø­ Ù…Ø³Ù„Ø³Ù„ ÙÙ‡Ø¯ Ø§Ù„Ø¨Ø·Ù„,Nj Music Productions,Nj Music Productions,2025-03-14T19:30:06Z,https://www.youtube.com/watch?v=amyJSfeUvvY,https://i.ytimg.com/vi/amyJSfeUvvY/mqdefault.jpg
pOFYvT8u8ys,Sherine Abdel Wahab | Ø´ÙŠØ±ÙŠÙ† Ø¹Ø¨Ø¯ Ø§Ù„ÙˆÙ‡Ø§Ø¨ - Ø£ØºØ§Ù†ÙŠ Ø±ÙˆÙ…Ø§Ù†Ø³ÙŠØ©,"Free Music ""Nasr Mahrous""","Free Music ""Nasr Mahrous""",2016-11-18T10:43:36Z,https://www.youtube.com/watch?v=pOFYvT8u8ys,https://i.ytimg.com/vi/pOFYvT8u8ys/mqdefault.jpg
jcXrEe4XThU,Ø£Ø¬Ù…Ù„ 70 Ø£ØºÙ†ÙŠØ© Ø­Ø¨ 2025 | Ø±ÙŠÙ…ÙƒØ³ Ø¥ÙŠÙ‚Ø§Ø¹ Ø§Ù„ØºØ±Ø§Ù… ğŸ”¥â¤ï¸ | Best Arabic Love Mix by Dj Arua Mix,Dj Arua Mix Official,Dj Arua Mix Official,2024-11-30T16:00:40Z,https://www.youtube.com/watch?v=jcXrEe4XThU,https://i.ytimg.com/vi/jcXrEe4XThU/mqdefault.jpg
ARh_bhCqiiM,Ø­Ø³ÙŠÙ† Ø§Ù„Ø¬Ø³Ù…ÙŠ -  ÙØ³ØªØ§Ù†Ùƒ Ø§Ù„Ø£Ø¨ÙŠØ¶ | 2025,Hussain Al Jassmi | Ø­Ø³ÙŠÙ† Ø§Ù„Ø¬Ø³Ù…ÙŠ,Hussain Al Jassmi | Ø­Ø³ÙŠÙ† Ø§Ù„Ø¬Ø³Ù…ÙŠ,2025-04-24T09:14:01Z,https://www.youtube.com/watch?v=ARh_bhCqiiM,https://i.ytimg.com/vi/ARh_bhCqiiM/mqdefault.jpg
wqtv1Ns5X_s,Ø§Ø­Ù…Ø¯ Ø³ØªØ§Ø± - ØªÙˆØ¨Ù‡ | 2025  Ahmed Sattar - Tubah ( Official Music Video ),Ahmed Sattar - Ø§Ø­Ù…Ø¯ Ø³ØªØ§Ø±,Ahmed Sattar - Ø§Ø­Ù…Ø¯ Ø³ØªØ§Ø±,2025-04-07T14:00:07Z,https://www.youtube.com/watch?v=wqtv1Ns5X_s,https://i.ytimg.com/vi/wqtv1Ns5X_s/mqdefault.jpg
PL784jZSnyM,Ù‚ÙˆÙŠ Ù‚Ù„Ø¨Ùƒ Ø¹Ù„ÙŠ Ø§Ù„ÙØ±Ø§Ù‚ - Ø§Ø­Ù…Ø¯ Ø®Ø§Ù„Ø¯ 2020 | Ahmed Khaled - Qawe Albek Ala ElForaa,Ø§Ø­Ù…Ø¯ Ø®Ø§Ù„Ø¯ - Ahmed Khaled,Ø§Ø­Ù…Ø¯ Ø®Ø§Ù„Ø¯ - Ahmed Khaled,2020-03-05T17:00:11Z,https://www.youtube.com/watch?v=PL784jZSnyM,https://i.ytimg.com/vi/PL784jZSnyM/mqdefault.jpg
BGkL2Pq-g3A,MUSliM - Etnaset | Music Video - 2021 | Ù…Ø³Ù„Ù… - Ø§ØªÙ†Ø³ÙŠØª,MUSliM - Ù…ÙØ³Ù„ÙÙ… ,MUSliM - Ù…ÙØ³Ù„ÙÙ… ,2021-10-21T20:09:02Z,https://www.youtube.com/watch?v=BGkL2Pq-g3A,https://i.ytimg.com/vi/BGkL2Pq-g3A/mqdefault.jpg
aeQz2ORWmwk,Ø¥Ù„ÙŠØ³Ø§ ... Ø¹ÙƒØ³ Ø§Ù„Ù„ÙŠ Ø´Ø§ÙŠÙÙŠÙ†Ù‡Ø§|   Elissa ... Aaks Elli Shayfenha,MusicHT,MusicHT,2023-06-08T22:43:40Z,https://www.youtube.com/watch?v=aeQz2ORWmwk,https://i.ytimg.com/vi/aeQz2ORWmwk/mqdefault.jpg
ZXLSfpgMoPw,Mohammed Saeed - Konty 2olely |  Ù…Ø­Ù…Ø¯ Ø³Ø¹ÙŠØ¯ - ÙƒÙ†ØªÙ‰ Ù‚ÙˆÙ„ÙŠÙ„ÙŠ ( Official lyric Video ),Mohammed Saeed - Ù…Ø­Ù…Ø¯ Ø³Ø¹ÙŠØ¯,Mohammed Saeed - Ù…Ø­Ù…Ø¯ Ø³Ø¹ÙŠØ¯,2021-11-30T17:59:48Z,https://www.youtube.com/watch?v=ZXLSfpgMoPw,https://i.ytimg.com/vi/ZXLSfpgMoPw/mqdefault.jpg
fCB-gTyrGFg,Anime Kei - Ø­Ù„Ù…ÙŠ ØªØ­Ø·Ù… ÙˆØ§Ø®ØªÙÙ‰,AnimeDeJapanVEVO,AnimeDeJapanVEVO,2024-05-06T12:37:37Z,https://www.youtube.com/watch?v=fCB-gTyrGFg,https://i.ytimg.com/vi/fCB-gTyrGFg/mqdefault.jpg
iAJ4NuI95Rs,Ø®Ø§Ù„Ø¯ Ø§Ù„Ø­Ù„Ø§Ù‚ - ÙƒÙˆÙƒØªÙŠÙ„ Ø£ØºØ§Ù†ÙŠ - Ø°ÙƒØ±ÙŠØ§Øª - ÙƒÙ†Øª Ø´ÙˆÙÙƒ Ù‚Ù„Ø¨ÙŠ ÙŠØ·ÙŠØ± - Ù…ÙˆØ¬ÙˆØ¹ Ù‚Ù„Ø¨ÙŠ,Ø®Ø§Ù„Ø¯ Ø§Ù„Ø­Ù„Ø§Ù‚ | Khaled Alhallak ,Ø®Ø§Ù„Ø¯ Ø§Ù„Ø­Ù„Ø§Ù‚ | Khaled Alhallak ,2021-02-07T15:11:38Z,https://www.youtube.com/watch?v=iAJ4NuI95Rs,https://i.ytimg.com/vi/iAJ4NuI95Rs/mqdefault.jpg
4snowx9w_gk,ÙƒÙˆÙƒØªÙŠÙ„ Ø¥Ø­Ø²Ø§Ù† Ù…ØµØ·ÙÙ‰ ÙƒØ§Ù…Ù„ | ØºØ¯Ø§Ø§Ø§Ø± + Ø¨Ø­Ø± Ø§Ù„Ø¯Ù…ÙˆØ¹ + Ø£Ø³Ù Ø¬Ø¯Ø§Ù‹ + Ø£Ø±Ø¬Ø¹ Ø¨Ù‚Ù‰ + ÙƒØ¯Ø§Ø§Ø¨Ø© + Ù…Ø´ Ù‡Ø³Ù…Ø­ÙÙƒ,shaker obaid,shaker obaid,2015-10-24T10:22:15Z,https://www.youtube.com/watch?v=4snowx9w_gk,https://i.ytimg.com/vi/4snowx9w_gk/mqdefault.jpg
TqHFwt6xw3w,Sherine â€¦ A&#39;ztny Ktir 2022 | Ø´ÙŠØ±ÙŠÙ† â€¦ Ø§Ø°ØªÙ†ÙŠ ÙƒØªÙŠØ±,Sherine Abdelwahab Tv,Sherine Abdelwahab Tv,2022-10-21T16:21:47Z,https://www.youtube.com/watch?v=TqHFwt6xw3w,https://i.ytimg.com/vi/TqHFwt6xw3w/mqdefault.jpg
Qe7v1Jeph_I,Ø§ØºØ§Ù†Ù‰ - Ø§Ø¬Ù…Ù„ Ø§Ù„Ø§ØºØ§Ù†Ù‰ Ø§Ù„Ø´Ø¹Ø¨ÙŠ - Ø³Ù…Ø³Ù… Ø´Ù‡Ø§Ø¨ Ùˆ ÙŠÙˆÙ†Ø³ Ùˆ Ø­Ø³Ù† Ø§Ø¨Ùˆ Ø¹Ù„Ù‰ Ùˆ Ø§Ø­Ù…Ø¯ Ø§Ù„ØµØºÙŠØ± ÙˆÙØ±Ø¹ÙˆÙ† | Ø§ØºØ§Ù†Ù‰ Ø­Ø²ÙŠÙ†Ù‡ 2025,Trending Music,Trending Music,2025-05-15T11:00:41Z,https://www.youtube.com/watch?v=Qe7v1Jeph_I,https://i.ytimg.com/vi/Qe7v1Jeph_I/mqdefault.jpg
DTojnD6Vl6M,Ø§ÙØ¶Ù„ 5 Ø§ØºØ§Ù†ÙŠ Ø­Ø²ÙŠÙ†Ù‡ Ø§Ù„ÙŠØ³Ø§,Mohamed Music,Mohamed Music,2021-05-12T15:27:08Z,https://www.youtube.com/watch?v=DTojnD6Vl6M,https://i.ytimg.com/vi/DTojnD6Vl6M/mqdefault.jpg
IhdVuunvWi8,Ø¯Ø§Ø± Ø§Ù„Ø²Ù…Ù† ÙˆÙŠÙ† Ø§Ù„ØµØ¯Ù‚ ÙŠØ§Ù„Ø·ÙŠØ¨ÙŠÙ† - Ø§ØºØ§Ù†ÙŠ Ø­Ø²ÙŠÙ†Ù‡,EN Music Studio,EN Music Studio,2023-04-08T21:12:45Z,https://www.youtube.com/watch?v=IhdVuunvWi8,https://i.ytimg.com/vi/IhdVuunvWi8/mqdefault.jpg
qvAyTyRb3kE,Wael Jassar - Sad Songs | Ø§Ø¬Ù…Ø¯ Ø§Ù„Ø§ØºØ§Ù†Ù‰ Ø§Ù„Ø­Ø²ÙŠÙ†Ø© - ÙˆØ§Ø¦Ù„ Ø¬Ø³Ø§Ø±,ArabicaTV,ArabicaTV,2024-01-08T16:07:20Z,https://www.youtube.com/watch?v=qvAyTyRb3kE,https://i.ytimg.com/vi/qvAyTyRb3kE/mqdefault.jpg
cE7pwRAlbgU,Sad Songs Mix - Ramy Sabry | ÙƒÙˆÙƒØªÙŠÙ„ Ø£ØºØ§Ù†ÙŠ Ø­Ø²ÙŠÙ†Ø© - Ø±Ø§Ù…ÙŠ ØµØ¨Ø±ÙŠ,Viral Wave,Viral Wave,2024-11-17T15:02:10Z,https://www.youtube.com/watch?v=cE7pwRAlbgU,https://i.ytimg.com/vi/cE7pwRAlbgU/mqdefault.jpg
H1Mbg3MASCE,Tamer Ashour - Makrehtosh | â€ØªØ§Ù…Ø± Ø¹Ø§Ø´ÙˆØ± - Ù…ÙƒØ±Ù‡ØªÙˆØ´,Tamer Ashour,Tamer Ashour,2025-01-15T18:00:06Z,https://www.youtube.com/watch?v=H1Mbg3MASCE,https://i.ytimg.com/vi/H1Mbg3MASCE/mqdefault.jpg
fZc7PFVhje8,Ahmed Batshan - Ba&#39;ad Gheyabo (Official Music Video) [2020] | (Ø£Ø­Ù…Ø¯ Ø¨ØªØ´Ø§Ù†â€“ Ø¨Ø¹Ø¯ ØºÙŠØ§Ø¨Ù‡ (Ø§Ù„ÙƒÙ„ÙŠØ¨ Ø§Ù„Ø±Ø³Ù…ÙŠ,Nogoum Records,Nogoum Records,2020-03-12T15:00:10Z,https://www.youtube.com/watch?v=fZc7PFVhje8,https://i.ytimg.com/vi/fZc7PFVhje8/mqdefault.jpg
UMEA5pqYR1E,ÙƒÙ„ÙŠØ¨ Ø³Ø±Ø§Ø¬ Ø§Ù„Ø§Ù…ÙŠØ± Ùˆ Ø¹Ø¨Ø§Ø³ Ø§Ù„Ø§Ù…ÙŠØ± Ø®Ù„ÙŠÙ†ÙŠ Ø§Ù†ÙŠ ÙˆÙŠØ§Ø¬  2 Ø§Ù„Ù†Ø³Ø®Ø© Ø§Ù„Ø§ØµÙ„ÙŠØ©,HFM - Ø§ØºØ§Ù†ÙŠ Ø­Ø²ÙŠÙ†Ø© ,HFM - Ø§ØºØ§Ù†ÙŠ Ø­Ø²ÙŠÙ†Ø© ,2013-10-15T15:17:30Z,https://www.youtube.com/watch?v=UMEA5pqYR1E,https://i.ytimg.com/vi/UMEA5pqYR1E/mqdefault.jpg
8YVCaUm35oA,Hany Mouner - Hezny Hezin / Ù‡Ø§Ù†ÙŠ Ù…Ù†ÙŠØ± - Ø­Ø²Ù†ÙŠ Ø­Ø²Ù† [ Music Video ],Hany Mouner - Ù‡Ø§Ù†ÙŠ Ù…Ù†ÙŠØ±,Hany Mouner - Ù‡Ø§Ù†ÙŠ Ù…Ù†ÙŠØ±,2021-02-16T15:00:16Z,https://www.youtube.com/watch?v=8YVCaUm35oA,https://i.ytimg.com/vi/8YVCaUm35oA/mqdefault.jpg
EPQMFQfTNT0,BiGSaM - Ù…Ø§ Ø¨ØªÙ‡ÙˆÙ† (Official Lyrics Video) Prod by DOKTOR,BiGSaM Official,BiGSaM Official,2020-09-18T18:36:06Z,https://www.youtube.com/watch?v=EPQMFQfTNT0,https://i.ytimg.com/vi/EPQMFQfTNT0/mqdefault.jpg
0a3oQGKhp24,Tamer Ashour - Haygely Mawgow3 | ØªØ§Ù…Ø± Ø¹Ø§Ø´ÙˆØ± - Ù‡ÙŠØ¬ÙŠÙ„ÙŠ Ù…ÙˆØ¬ÙˆØ¹,Tamer Ashour,Tamer Ashour,2024-01-11T16:59:54Z,https://www.youtube.com/watch?v=0a3oQGKhp24,https://i.ytimg.com/vi/0a3oQGKhp24/mqdefault.jpg
-IqPTB_4SI0,Elissa ... Aaks Elli Shayfenha - With Lyrics | Ø¥Ù„ÙŠØ³Ø§ ... Ø¹ÙƒØ³ Ø§Ù„Ù„ÙŠ Ø´Ø§ÙŠÙÙŠÙ†Ù‡Ø§ - Ø¨Ø§Ù„ÙƒÙ„Ù…Ø§Øª,Rotana,Rotana,2016-09-08T20:00:05Z,https://www.youtube.com/watch?v=-IqPTB_4SI0,https://i.ytimg.com/vi/-IqPTB_4SI0/mqdefault.jpg
t81hjz9n8Ig,"Arabic Music, Arabian Oud Music, Middle Eastern Music - Beautiful!",Punish Studios,Punish Studios,2024-11-20T23:18:34Z,https://www.youtube.com/watch?v=t81hjz9n8Ig,https://i.ytimg.com/vi/t81hjz9n8Ig/mqdefault.jpg
JmsWltrBz2U,Dystinct - La (speed up) | Arabic Music 2024 | Best Arabic Songs,ğ‘“ğ‘–ğ‘™ğ‘ğ‘Ÿğ‘šğ‘œğ‘›ğ‘–ğ‘ğ‘,ğ‘“ğ‘–ğ‘™ğ‘ğ‘Ÿğ‘šğ‘œğ‘›ğ‘–ğ‘ğ‘,2024-05-29T19:37:23Z,https://www.youtube.com/watch?v=JmsWltrBz2U,https://i.ytimg.com/vi/JmsWltrBz2U/mqdefault.jpg
TXioVRBD5hI,Al Shami - Wein [Official Music Video] (2024) / Ø§Ù„Ø´Ø§Ù…ÙŠ - ÙˆÙŠÙ†,Al Shami - Ø§Ù„Ø´Ø§Ù…ÙŠ,Al Shami - Ø§Ù„Ø´Ø§Ù…ÙŠ,2024-07-12T13:00:09Z,https://www.youtube.com/watch?v=TXioVRBD5hI,https://i.ytimg.com/vi/TXioVRBD5hI/mqdefault.jpg
_MmArU1Kp6I,Best Arabic Music Ever,Ahmed Hawary,Ahmed Hawary,2016-04-12T22:17:31Z,https://www.youtube.com/watch?v=_MmArU1Kp6I,https://i.ytimg.com/vi/_MmArU1Kp6I/mqdefault.jpg
BdMbuCCkeyc,"Arabic Songs Full Album ğŸ§ Top Arabic Songs by Hamaki, Sherine â™¥ Ø£ÙØ¶Ù„ Ø§Ù„Ø£ØºØ§Ù†ÙŠ Ø§Ù„Ø¹Ø±Ø¨ÙŠØ© Ø¹Ù„Ù‰ Ù…Ø± Ø§Ù„ØªØ§Ø±ÙŠØ®",Arabic Songs,Arabic Songs,2024-11-26T04:00:16Z,https://www.youtube.com/watch?v=BdMbuCCkeyc,https://i.ytimg.com/vi/BdMbuCCkeyc/mqdefault.jpg
Zgz8ybG6l-U,Nancy Ajram - Aah W Noss,NancyAjramVEVO,NancyAjramVEVO,2009-06-18T22:21:25Z,https://www.youtube.com/watch?v=Zgz8ybG6l-U,https://i.ytimg.com/vi/Zgz8ybG6l-U/mqdefault.jpg
UMN1zILdLTs,Elyanna - GANENI (Official Music Video),ElyannaVEVO,ElyannaVEVO,2024-04-12T14:23:10Z,https://www.youtube.com/watch?v=UMN1zILdLTs,https://i.ytimg.com/vi/UMN1zILdLTs/mqdefault.jpg
B8DHD38T1iQ,âœ¨ Relaxing Arabic Music for Mind &amp; Soul âœ¨  Ù…ÙˆØ³ÙŠÙ‚Ù‰ Ø¹Ø±Ø¨ÙŠØ© Ù‡Ø§Ø¯Ø¦Ø© Ù„Ù„Ø§Ø³ØªØ±Ø®Ø§Ø¡  #RelaxingMusic #Arabic #Med,Arabian Pulse ğŸ¥,Arabian Pulse ğŸ¥,2025-02-04T04:30:06Z,https://www.youtube.com/watch?v=B8DHD38T1iQ,https://i.ytimg.com/vi/B8DHD38T1iQ/mqdefault.jpg
wLnKSdyItzI,Dabka - Zidiib Remix 2025 Arabic Music,Leyla Official,Leyla Official,2025-05-16T19:01:01Z,https://www.youtube.com/watch?v=wLnKSdyItzI,https://i.ytimg.com/vi/wLnKSdyItzI/mqdefault.jpg
CH8kIivJA6o,Top Arabic Songs with Lyrics | Best Arabic Music Hits | Arabic Songs Playlist,HypeSphere,HypeSphere,2024-08-05T17:59:18Z,https://www.youtube.com/watch?v=CH8kIivJA6o,https://i.ytimg.com/vi/CH8kIivJA6o/mqdefault.jpg
6s7Tw9ieMCY,New Arabic Remix Song 2024 |Arabic Song | Slowed Reverb| Bass Boosted |Arabic Remix Song,S_Malik9T,S_Malik9T,2025-01-20T16:00:09Z,https://www.youtube.com/watch?v=6s7Tw9ieMCY,https://i.ytimg.com/vi/6s7Tw9ieMCY/mqdefault.jpg
ejvpVhvKesM,Abu Ft. Yousra - 3 Daqat | Official Music Video | Ø£Ø¨Ùˆ Ùˆ ÙŠØ³Ø±Ø§ - Ø«Ù„Ø§Ø« Ø¯Ù‚Ø§Øª,Abu music,Abu music,2017-10-12T11:49:52Z,https://www.youtube.com/watch?v=ejvpVhvKesM,https://i.ytimg.com/vi/ejvpVhvKesM/mqdefault.jpg
BS2BJw6WEfQ,Alya ğŸŒ Habibi (Ø­Ø¨ÙŠØ¨ÙŠ) 2025 ğŸµ New arabic song 2025ğŸ”” Best Arabian Music,ArabicVibe,ArabicVibe,2025-01-11T16:00:09Z,https://www.youtube.com/watch?v=BS2BJw6WEfQ,https://i.ytimg.com/vi/BS2BJw6WEfQ/mqdefault.jpg
LkHZKATnzD8,Ya Tabtab Wa Dallaa,Nancy Ajram - Topic,Nancy Ajram - Topic,2018-03-01T15:20:36Z,https://www.youtube.com/watch?v=LkHZKATnzD8,https://i.ytimg.com/vi/LkHZKATnzD8/mqdefault.jpg
hAF8oe78znE,Sherine Songs Full Album â¤ï¸ Top Arabic Songs by Sherine â¤ï¸ Ø£ÙØ¶Ù„ Ø§Ù„Ø£ØºØ§Ù†ÙŠ Ø§Ù„Ø¹Ø±Ø¨ÙŠØ© Ø¹Ù„Ù‰ Ù…Ø± Ø§Ù„ØªØ§Ø±ÙŠØ®,Arabic Songs,Arabic Songs,2025-02-28T04:19:00Z,https://www.youtube.com/watch?v=hAF8oe78znE,https://i.ytimg.com/vi/hAF8oe78znE/mqdefault.jpg
gL_hpPd1gUk,Microtones in Arabic Music,Rami Atassi's Guitar Studio,Rami Atassi's Guitar Studio,2024-01-16T20:15:28Z,https://www.youtube.com/watch?v=gL_hpPd1gUk,https://i.ytimg.com/vi/gL_hpPd1gUk/mqdefault.jpg
G0pCPpF8Tok,"SATALANA Ø³Ø·Ù„Ø§Ù†Ø© - Mahmood El Lithi (Arabic, English &amp; French lyrics)",2Sky2Sun,2Sky2Sun,2023-09-01T06:19:35Z,https://www.youtube.com/watch?v=G0pCPpF8Tok,https://i.ytimg.com/vi/G0pCPpF8Tok/mqdefault.jpg
tZR5vltVcrQ,Best Arabic Songs of All Time | Ø£Ø´Ù‡Ø± Ù‚ÙˆØ§Ø¦Ù… Ø§Ù„ØªØ´ØºÙŠÙ„ Ø§Ù„Ù…ÙˆØ³ÙŠÙ‚ÙŠØ© Ø§Ù„Ø¹Ø±Ø¨ÙŠØ© (Ø­Ù…Ø§Ù‚ÙŠ - Ø´ÙŠØ±ÙŠÙ† - Ø±Ø§Ù…ÙŠ Ø¬Ù…Ø§Ù„),Arabic Songs,Arabic Songs,2024-11-15T03:56:08Z,https://www.youtube.com/watch?v=tZR5vltVcrQ,https://i.ytimg.com/vi/tZR5vltVcrQ/mqdefault.jpg
5C2GebzLo40,Inez - Menak Wla Meni (Hijazi Remix) | New Music 2023 ğŸ¶ | Arabic Music,ğ‘“ğ‘–ğ‘™ğ‘ğ‘Ÿğ‘šğ‘œğ‘›ğ‘–ğ‘ğ‘,ğ‘“ğ‘–ğ‘™ğ‘ğ‘Ÿğ‘šğ‘œğ‘›ğ‘–ğ‘ğ‘,2023-06-30T09:18:11Z,https://www.youtube.com/watch?v=5C2GebzLo40,https://i.ytimg.com/vi/5C2GebzLo40/mqdefault.jpg
VoLxEAS1DUk,Layali Hob - Arabic Dance Music | Arabic Music,Dark Fuel - Rock Station,Dark Fuel - Rock Station,2025-03-26T18:44:15Z,https://www.youtube.com/watch?v=VoLxEAS1DUk,https://i.ytimg.com/vi/VoLxEAS1DUk/mqdefault.jpg
9hEvD5rbzj0,Ù…Ø­Ù…ÙˆØ¯ Ø§Ù„Ù„ÙŠØ«ÙŠ - Ø¹Ù… Ø§Ù„Ù…Ø¬Ø§Ù„ ÙƒÙ„Ù‡ ( Ø§Ù„Ù„ÙŠ Ø¨Ø§Ø¹Ù†ÙŠ Ø¨Ø±Ø­ØªÙˆ  ) [ Ø§Ù„ÙÙŠØ¯ÙŠÙˆ ÙƒÙ„ÙŠØ¨ Ø§Ù„Ø±Ø³Ù…ÙŠ ] Ø§Ø¨Ùˆ Ø§Ù„Ø³ÙŠØ¯ [2024],ABO ELSID - Ø§Ø¨Ùˆ Ø§Ù„Ø³ÙŠØ¯,ABO ELSID - Ø§Ø¨Ùˆ Ø§Ù„Ø³ÙŠØ¯,2024-03-08T16:03:19Z,https://www.youtube.com/watch?v=9hEvD5rbzj0,https://i.ytimg.com/vi/9hEvD5rbzj0/mqdefault.jpg
6Lo90s-7AQc,Ù‚Ø§Ù„Ùƒ ØªØ¹ÙŠØ´ Ù‡ØªØ´ÙˆÙ Ø§Ù„Ù†Ø¯Ù„ ÙˆØ§Ù„Ø®ÙŠÙ†ÙŠÙ† ( Ù…Ù‡Ø±Ø¬Ø§Ù† ÙÙ‰ Ø³ÙƒÙ‡ Ø´Ù…Ø§Ù„) ØºÙ†Ø§Ø¡ Ø¹ØµØ§Ù… ØµØ§ØµØ§ ØªÙˆØ²ÙŠØ¹ Ø¹Ù…Ø± Ù…ÙŠÙ…Ù‰ 2019,Ø¹Ù…Ø± Ù…ÙŠÙ…Ù‰ - Omar Meme,Ø¹Ù…Ø± Ù…ÙŠÙ…Ù‰ - Omar Meme,2018-08-22T02:19:51Z,https://www.youtube.com/watch?v=6Lo90s-7AQc,https://i.ytimg.com/vi/6Lo90s-7AQc/mqdefault.jpg
evXNN_7oOz8,ÙƒÙ„ÙŠØ¨ Ù…ÙÙŠØ´ Ø¹ØµÙÙˆØ± Ø¨ÙŠØ¹Ø§Ø¯ÙŠ Ù†Ø³ÙˆØ± - Ù…Ø­Ù…Ø¯ Ø§Ù„Ø¨ØµÙŠÙ„ÙŠ - ØªÙˆØ²ÙŠØ¹ Ø§Ø­Ù…Ø¯ Ù„ÙˆØ²Ù‡ Official Music Video,Ù…Ø­Ù…Ø¯ Ø§Ù„Ø¨ØµÙŠÙ„ÙŠ - Mohamed Elbosely,Ù…Ø­Ù…Ø¯ Ø§Ù„Ø¨ØµÙŠÙ„ÙŠ - Mohamed Elbosely,2024-11-08T16:00:07Z,https://www.youtube.com/watch?v=evXNN_7oOz8,https://i.ytimg.com/vi/evXNN_7oOz8/mqdefault.jpg
QOII5CIBm4c,AFROTO - KEBDA FT ONUY | Ø¹ÙØ±ÙˆØªÙˆ  -  ÙƒØ¨Ø¯Ù‡ (OFFICIAL MUSIC VIDEO) PROD BY WEZZA MONTASER,Afroto - Ø¹ÙØ±ÙˆØªÙˆ,Afroto - Ø¹ÙØ±ÙˆØªÙˆ,2024-10-25T11:00:08Z,https://www.youtube.com/watch?v=QOII5CIBm4c,https://i.ytimg.com/vi/QOII5CIBm4c/mqdefault.jpg
D9JxlYg1XVI,Ahmed Saad - Ekhtayaraty | Official Music Video - 2023 | Ø§Ø­Ù…Ø¯ Ø³Ø¹Ø¯ - Ø§Ø®ØªÙŠØ§Ø±Ø§ØªÙŠ,Ahmed Saad,Ahmed Saad,2023-06-22T14:01:33Z,https://www.youtube.com/watch?v=D9JxlYg1XVI,https://i.ytimg.com/vi/D9JxlYg1XVI/mqdefault.jpg
Fmm96Yg4o2o,Pousi &amp; Muslim - Ana Baba (Official Music Video) | Ø¨ÙˆØ³ÙŠ Ùˆ Ù…Ø³Ù„Ù… - Ø£Ù†Ø§ Ø¨Ø§Ø¨Ø§ (ÙÙŠØ¯ÙŠÙˆ ÙƒÙ„ÙŠØ¨),Sony Music Middle East,Sony Music Middle East,2024-08-01T14:00:06Z,https://www.youtube.com/watch?v=Fmm96Yg4o2o,https://i.ytimg.com/vi/Fmm96Yg4o2o/mqdefault.jpg
7CqOg-YJEpI,Ahmed Saad Ft.Yousra - Naghza | Ø§Ø­Ù…Ø¯ Ø³Ø¹Ø¯ Ùˆ ÙŠØ³Ø±Ø§ - Ù†ØºØ²Ø© | Ù…Ù† Ø¨Ø±Ù†Ø§Ù…Ø¬ Ø¨ÙŠØª Ø§Ù„Ø³Ø¹Ø¯,Ahmed Saad,Ahmed Saad,2024-07-25T16:00:06Z,https://www.youtube.com/watch?v=7CqOg-YJEpI,https://i.ytimg.com/vi/7CqOg-YJEpI/mqdefault.jpg
rwHw-f18C40,Ø£Ù†Ø§ Ù…Ø´ Ø¯ÙŠÙ„Ø± ÙŠØ§ Ø­ÙƒÙˆÙ…Ø© - Ø§Ø³Ù„Ø§Ù… ÙƒØ§Ø¨ÙˆÙ†Ø¬Ø§ - Eslam Kabonga -Ana Msh Dellar Ya Hkoma - Official Music 2025,Ø§Ø³Ù„Ø§Ù… ÙƒØ§Ø¨ÙˆÙ†Ø¬Ø§ - Ø§Ù„Ø¯Ø¨Ø§Ø¨Ù‡,Ø§Ø³Ù„Ø§Ù… ÙƒØ§Ø¨ÙˆÙ†Ø¬Ø§ - Ø§Ù„Ø¯Ø¨Ø§Ø¨Ù‡,2024-12-30T16:00:06Z,https://www.youtube.com/watch?v=rwHw-f18C40,https://i.ytimg.com/vi/rwHw-f18C40/mqdefault.jpg
e9DyxblfKBM,Ø­Ø§Ù„Ø©  Ø§ØºÙ†ÙŠØ© ØªÙˆÙ†Ø³ÙŠØ© ğŸµ Ù…ØµØ±ÙŠØ© Ø³ÙˆØ±ÙŠØ© Ù„Ø¨Ù†Ø§Ù†ÙŠÙ‡ Ø¬Ø¯ÙŠØ¯Ø© ÙˆÙ‚Ø¯ÙŠÙ…Ø© 100â¤ï¸ğŸ“· Ø¯ÙˆØ§ Ù„ÙŠØ¨Ø§ ÙÙŠ Ø¬Ù„Ø³Ø© Ø§Ù„ØªØµÙˆÙŠØ± ÙÙŠ GQ UK 2018,radio Ø§Ø­Ù„Ù‰ Ù…ÙˆØ³ÙŠÙ‚Ù‰ live,radio Ø§Ø­Ù„Ù‰ Ù…ÙˆØ³ÙŠÙ‚Ù‰ live,2025-05-16T06:44:50Z,https://www.youtube.com/watch?v=e9DyxblfKBM,https://i.ytimg.com/vi/e9DyxblfKBM/mqdefault_live.jpg
P66GgswsvCc,ÙƒÙ„ÙŠØ¨ Ø£Ø®ÙˆØ§ØªÙŠ Ø§Ù„ØµÙˆØ§Ø±ÙŠØ® Ø¯Ù‚Ø¯Ù‚ Ùˆ ÙØ§Ù†ÙƒÙŠ Ùˆ Ø²ÙˆÙƒØ´ Ùˆ Ø´Ø­ØªØ© ÙƒØ§Ø±ÙŠÙƒØ§ | Ekhwaty El Swareekh Ft Zuksh&amp;Shehta Karika,Ø§Ù„ØµÙˆØ§Ø±ÙŠØ® | El Sawareekh,Ø§Ù„ØµÙˆØ§Ø±ÙŠØ® | El Sawareekh,2020-07-29T18:00:10Z,https://www.youtube.com/watch?v=P66GgswsvCc,https://i.ytimg.com/vi/P66GgswsvCc/mqdefault.jpg
E1cxuKlzNxE,Mahragan Enty M3lma l  Ù…Ù‡Ø±Ø¬Ø§Ù† Ø§Ù†ØªÙ‰ Ù…Ø¹Ù„Ù…Ø© - Ø¹Ù…Ø± ÙƒÙ…Ø§Ù„ Ùˆ Ø­Ù…Ùˆ Ø¨ÙŠÙƒØ§ - ØªÙˆØ²ÙŠØ¹ Ø§Ø³Ù„Ø§Ù… Ø³Ø§Ø³Ùˆ,Omar Kamal,Omar Kamal,2020-11-16T15:00:10Z,https://www.youtube.com/watch?v=E1cxuKlzNxE,https://i.ytimg.com/vi/E1cxuKlzNxE/mqdefault.jpg
amyJSfeUvvY,2025 l Ø±Ø­Ù…Ù‡ Ù…Ø­Ø³Ù† &amp; Ø£Ø­Ù…Ø¯ Ø§Ù„Ø¹ÙˆØ¶ÙŠ - Ø­ÙÙ„Ø© ØªÙ†ÙƒØ±ÙŠØ© - Ø£ØºÙ†ÙŠØ© Ø§Ù„ÙØ±Ø­ Ù…Ø³Ù„Ø³Ù„ ÙÙ‡Ø¯ Ø§Ù„Ø¨Ø·Ù„,Nj Music Productions,Nj Music Productions,2025-03-14T19:30:06Z,https://www.youtube.com/watch?v=amyJSfeUvvY,https://i.ytimg.com/vi/amyJSfeUvvY/mqdefault.jpg
uHBaHQau8b4,Ù…Ù‡Ø±Ø¬Ø§Ù† Ø¨Ù†Øª Ø§Ù„Ø¬ÙŠØ±Ø§Ù† &quot; Ø¨Ù‡ÙˆØ§ÙŠØ§ Ø§Ù†ØªÙŠ Ù‚Ø§Ø¹Ø¯Ù‡ Ù…Ø¹Ø§ÙŠØ§ &quot; Ø­Ø³Ù† Ø´Ø§ÙƒÙˆØ´ Ùˆ Ø¹Ù…Ø± ÙƒÙ…Ø§Ù„ - ØªÙˆØ²ÙŠØ¹ Ø§Ø³Ù„Ø§Ù… Ø³Ø§Ø³Ùˆ,Ø­Ø³Ù† Ø´Ø§ÙƒÙˆØ´ - Hassan Shakosh,Ø­Ø³Ù† Ø´Ø§ÙƒÙˆØ´ - Hassan Shakosh,2019-12-05T16:00:11Z,https://www.youtube.com/watch?v=uHBaHQau8b4,https://i.ytimg.com/vi/uHBaHQau8b4/mqdefault.jpg
SQURSBeFxCE,Hamada Helal - Mastoul | Ø­Ù…Ø§Ø¯Ø© Ù‡Ù„Ø§Ù„ - Ù…Ø³Ø·ÙˆÙ„,Hamada Helal - Ø­Ù…Ø§Ø¯Ù‡ Ù‡Ù„Ø§Ù„,Hamada Helal - Ø­Ù…Ø§Ø¯Ù‡ Ù‡Ù„Ø§Ù„,2016-03-19T21:29:57Z,https://www.youtube.com/watch?v=SQURSBeFxCE,https://i.ytimg.com/vi/SQURSBeFxCE/mqdefault.jpg
0LS82UXx55k,Ø§ØºÙ†ÙŠÙ‡ ( Ø±ÙˆÙ‚Ø§Ù† ) Ø­ÙˆØ¯Ù‡ Ø¨Ù†Ø¯Ù‚ - Ù…Ù† Ù…Ø³Ù„Ø³Ù„ Ø±Ø­ÙŠÙ„ Ø¨Ø·ÙˆÙ„Ù‡ ÙŠØ§Ø³Ù…ÙŠÙ† ØµØ¨Ø±ÙŠ Ùˆ Ø§Ø­Ù…Ø¯ ØµÙ„Ø§Ø­ Ø­Ø³Ù†ÙŠ Ø§Ù„Ø­Ù„Ù‚Ù‡ 8,Houda Bondok,Houda Bondok,2024-04-02T22:45:08Z,https://www.youtube.com/watch?v=0LS82UXx55k,https://i.ytimg.com/vi/0LS82UXx55k/mqdefault.jpg
JZ1yjwLDL3g,Ù…Ø­Ù…Ø¯ Ø§Ù„Ø³Ø§Ù„Ù… ÙˆØ§Ù…ÙŠÙ†Ø© - Ù…Ø²Ø© Ù…ØµØ±ÙŠØ© (Ø§Ù„Ù†Ø³Ø®Ø© Ø§Ù„Ø£ØµÙ„ÙŠØ©) | 2014 | Mohamed Alsalim and Amina - Mozza Masrya,Mohamed AlSalim | Ù…Ø­Ù…Ø¯ Ø§Ù„Ø³Ø§Ù„Ù…,Mohamed AlSalim | Ù…Ø­Ù…Ø¯ Ø§Ù„Ø³Ø§Ù„Ù…,2015-12-01T11:41:33Z,https://www.youtube.com/watch?v=JZ1yjwLDL3g,https://i.ytimg.com/vi/JZ1yjwLDL3g/mqdefault.jpg
QUBvVTNRp4Q,Ø­Ø³ÙŠÙ† Ø§Ù„Ø¬Ø³Ù…ÙŠ - Ø¨Ø´Ø±Ø© Ø®ÙŠØ± (ÙÙŠØ¯ÙŠÙˆ ÙƒÙ„ÙŠØ¨) | Hussain Al Jassmi - Boshret Kheir | 2014,Hussain Al Jassmi | Ø­Ø³ÙŠÙ† Ø§Ù„Ø¬Ø³Ù…ÙŠ,Hussain Al Jassmi | Ø­Ø³ÙŠÙ† Ø§Ù„Ø¬Ø³Ù…ÙŠ,2014-05-16T19:03:39Z,https://www.youtube.com/watch?v=QUBvVTNRp4Q,https://i.ytimg.com/vi/QUBvVTNRp4Q/mqdefault.jpg
eBjdzidRqqA,Bahaa Sultan - Sahby Ya Sahby (Official Music Video) | Ø¨Ù‡Ø§Ø¡ Ø³Ù„Ø·Ø§Ù† - ØµØ­Ø¨ÙŠ ÙŠØ§ ØµØ­Ø¨ÙŠ (Ù…Ø³Ù„Ø³Ù„ ÙˆÙ„Ø§Ø¯ Ø§Ù„Ø´Ù…Ø³),Sony Music Middle East,Sony Music Middle East,2025-03-07T19:16:08Z,https://www.youtube.com/watch?v=eBjdzidRqqA,https://i.ytimg.com/vi/eBjdzidRqqA/mqdefault.jpg
fdwoCsi6Ubs,Ù‚Ø§Ù„ØªÙ„ÙŠ Ù„Ø§ Ù„Ø§ ( Ø¨Ø¬Ø±ÙŠ ÙˆØ±Ø§Ù‡Ø§ ) Ù…ØµØ·ÙÙŠ Ø§Ø¨Ùˆ Ø³Ø±ÙŠØ¹ - ØªÙˆØ²ÙŠØ¹ Ø§Ø³Ù„Ø§Ù… Ø³Ø§Ø³Ùˆ Ù…Ù† Ù…Ø³Ù„Ø³Ù„ Ø§Ù„Ø¹ØªØ§ÙˆÙ„Ø© 2 - Ø±Ù…Ø¶Ø§Ù† 2025,Eslam saso - Ø§Ø³Ù„Ø§Ù… Ø³Ø§Ø³Ùˆ,Eslam saso - Ø§Ø³Ù„Ø§Ù… Ø³Ø§Ø³Ùˆ,2025-03-08T18:18:13Z,https://www.youtube.com/watch?v=fdwoCsi6Ubs,https://i.ytimg.com/vi/fdwoCsi6Ubs/mqdefault.jpg
AaTDS1LFeSo,Ø£ØºÙ†ÙŠØ© Ø³Ø·Ù„Ø§Ù†Ø© - ØºÙ†Ø§Ø¡ - Ø¹Ø¨Ø¯ Ø§Ù„Ø¨Ø§Ø³Ø· Ø­Ù…ÙˆØ¯Ø© ÙˆÙ…Ø­Ù…ÙˆØ¯ Ø§Ù„Ù„ÙŠØ«ÙŠ ÙˆØ­Ù…Ø¯ÙŠ Ø¨ØªØ´Ø§Ù† ÙˆØ­Ø³Ù† Ø§Ù„Ø®Ù„Ø¹ÙŠ | Ù…Ù† ÙÙŠÙ„Ù… #Ø¨Ø¹Ø¯_Ø§Ù„Ø´Ø±,El Sobky production Ø§Ù„Ø³Ø¨ÙƒÙŠ Ù„Ù„Ø¥Ù†ØªØ§Ø¬ Ø§Ù„ÙÙ†ÙŠ,El Sobky production Ø§Ù„Ø³Ø¨ÙƒÙŠ Ù„Ù„Ø¥Ù†ØªØ§Ø¬ Ø§Ù„ÙÙ†ÙŠ,2023-04-17T19:00:04Z,https://www.youtube.com/watch?v=AaTDS1LFeSo,https://i.ytimg.com/vi/AaTDS1LFeSo/mqdefault.jpg
FuhVm-0pPBY,Ù…Ù„Ø­Ù… Ø²ÙŠÙ† - Ø¶Ù„ÙŠ Ø§Ø¶Ø­ÙƒÙŠ | Melhem Zein - Dalle D7ake,Platinum Records,Platinum Records,2017-06-27T07:49:03Z,https://www.youtube.com/watch?v=FuhVm-0pPBY,https://i.ytimg.com/vi/FuhVm-0pPBY/mqdefault.jpg
kNIr14EyTaY,Fadel Chaker - Ya Hayat El Roh | ÙØ¶Ù„ Ø´Ø§ÙƒØ± - ÙŠØ§ Ø­ÙŠØ§Ø© Ø§Ù„Ø±ÙˆØ­,Fadel Chaker,Fadel Chaker,2024-07-03T13:00:53Z,https://www.youtube.com/watch?v=kNIr14EyTaY,https://i.ytimg.com/vi/kNIr14EyTaY/mqdefault.jpg
UJdtg-XtG1c,Fares Karam El Tannoura ÙØ§Ø±Ø³ ÙƒØ±Ù… - Ø§Ù„ØªÙ†ÙˆØ±Ø©,Rotana,Rotana,2012-10-07T21:29:55Z,https://www.youtube.com/watch?v=UJdtg-XtG1c,https://i.ytimg.com/vi/UJdtg-XtG1c/mqdefault.jpg
mYc6HLLfQu8,Joseph Attieh - Welak (Official clip) / Ø¬ÙˆØ²ÙŠÙ Ø¹Ø·ÙŠÙ‡ - ÙˆÙŠÙ„Ùƒ,Joseph Attieh,Joseph Attieh,2014-04-16T16:20:16Z,https://www.youtube.com/watch?v=mYc6HLLfQu8,https://i.ytimg.com/vi/mYc6HLLfQu8/mqdefault.jpg
Z5IpcUxKAv8,Wadih El Cheikh - Khatar 3al Kawkab (Official Lyric Video) | ÙˆØ¯ÙŠØ¹ Ø§Ù„Ø´ÙŠØ® - Ø®Ø·Ø± Ø¹Ø§Ù„ÙƒÙˆÙƒØ¨,Wadih El Cheikh,Wadih El Cheikh,2025-03-30T17:00:11Z,https://www.youtube.com/watch?v=Z5IpcUxKAv8,https://i.ytimg.com/vi/Z5IpcUxKAv8/mqdefault.jpg
s07lLptbJyY,Ø£Ø¬Ù…Ù„ Ø£ØºØ§Ù†ÙŠ Ø§Ù„Ø«Ù…Ø§Ù†ÙŠÙ†Ø§Øª Ø§Ù„Ù„Ø¨Ù†Ø§Ù†ÙŠØ© \ ØªØµÙˆÙŠØ± Ø¬ÙˆÙŠ ÙÙˆÙ‚ Ù…Ø¯ÙŠÙ†Ø© Ø²ÙˆØªÙÙ† Ø§Ù„Ù‡ÙˆÙ„Ù†Ø¯ÙŠØ©,ğŸ“· Ù…Ø´ÙˆØ§Ø± Ù…Ø¹ Ø¢Ù†Ø²Ùˆ ğŸ“·,ğŸ“· Ù…Ø´ÙˆØ§Ø± Ù…Ø¹ Ø¢Ù†Ø²Ùˆ ğŸ“·,2023-07-07T12:30:29Z,https://www.youtube.com/watch?v=s07lLptbJyY,https://i.ytimg.com/vi/s07lLptbJyY/mqdefault.jpg
QqiqISFT15w,Wael Kfoury - El Bint El Awiye ( Music Video - 2021) ÙˆØ§Ø¦Ù„ ÙƒÙÙˆØ±ÙŠ - Ø§Ù„Ø¨Ù†Øª Ø§Ù„Ù‚ÙˆÙŠØ©,Wael Kfoury | ÙˆØ§Ø¦Ù„ ÙƒÙÙˆØ±ÙŠ,Wael Kfoury | ÙˆØ§Ø¦Ù„ ÙƒÙÙˆØ±ÙŠ,2021-07-11T08:57:29Z,https://www.youtube.com/watch?v=QqiqISFT15w,https://i.ytimg.com/vi/QqiqISFT15w/mqdefault.jpg
rLjTIiCPUmg,ÙƒÙ„ÙŠØ¨ Ø£ØºÙ†ÙŠØ© &quot; Ø£Ù†Ø§ Ù„Ø¨Ù†Ø§Ù†ÙŠ &quot; - Ø¹ÙŠÙ„Ø© ÙÙ†ÙŠØ© - Ø¬Ø¯ÙŠØ¯ 2024,Ayle Faniye Family - Ø¹ÙŠÙ„Ø© ÙÙ†ÙŠØ©  ,Ayle Faniye Family - Ø¹ÙŠÙ„Ø© ÙÙ†ÙŠØ©  ,2024-11-18T11:03:52Z,https://www.youtube.com/watch?v=rLjTIiCPUmg,https://i.ytimg.com/vi/rLjTIiCPUmg/mqdefault.jpg
5sP1tiojf4I,Ø±Ø§Ø¨Ø­ Ø·Ø¨Ø¹Ø§Ù‹ Ø¨Ø¯ÙˆÙ† Ù…ÙˆØ³ÙŠÙ‚Ù‰,Ù…ÙŠÙ…ÙŠ,Ù…ÙŠÙ…ÙŠ,2025-05-15T18:30:06Z,https://www.youtube.com/watch?v=5sP1tiojf4I,https://i.ytimg.com/vi/5sP1tiojf4I/mqdefault.jpg
2mRmMZZY6lw,Ø£Ù†Ø§ Ù…ÙŠÙ† - Ù…Ø§Ø±ÙŠÙ„ÙŠÙ† Ù†Ø¹Ù…Ø§Ù† - Ù…Ù† Ù…Ø³Ù„Ø³Ù„ Ø¨Ø§Ù„Ø¯Ù… | Ana Min - Marilyne Naaman,Eagle Films,Eagle Films,2025-02-15T16:00:06Z,https://www.youtube.com/watch?v=2mRmMZZY6lw,https://i.ytimg.com/vi/2mRmMZZY6lw/mqdefault.jpg
0hs8mLODmsc,Marwan Khoury - Baashak Rouhik Feat Aline Lahoud (Official Audio) - Ù…Ø±ÙˆØ§Ù† Ø®ÙˆØ±ÙŠ - Ø¨Ø¹Ø´Ù‚ Ø±ÙˆØ­Ùƒ,Marwan Khoury | Ù…Ø±ÙˆØ§Ù† Ø®ÙˆØ±ÙŠ,Marwan Khoury | Ù…Ø±ÙˆØ§Ù† Ø®ÙˆØ±ÙŠ,2013-01-18T10:06:02Z,https://www.youtube.com/watch?v=0hs8mLODmsc,https://i.ytimg.com/vi/0hs8mLODmsc/mqdefault.jpg
r-dHR_Mhcfg,Ziad Bourji - Helyani [Music Video] from the movie Welcome to Lebanon / Ø²ÙŠØ§Ø¯ Ø¨Ø±Ø¬ÙŠ - Ø­Ù„ÙŠØ§Ù†ÙŠ,Ziad Bourji,Ziad Bourji,2016-03-24T16:44:42Z,https://www.youtube.com/watch?v=r-dHR_Mhcfg,https://i.ytimg.com/vi/r-dHR_Mhcfg/mqdefault.jpg
osCw73O_WMo,Marwan Khoury - Kol El Qassayed / Ù…Ø±ÙˆØ§Ù† Ø®ÙˆØ±ÙŠ - ÙƒÙ„ Ø§Ù„Ù‚ØµØ§ÙŠØ¯,Rotana,Rotana,2012-10-16T03:34:25Z,https://www.youtube.com/watch?v=osCw73O_WMo,https://i.ytimg.com/vi/osCw73O_WMo/mqdefault.jpg
MamJtYJKdPU,Najwa Karam ... Maloun Abou L Echeq - Video Clip | Ù†Ø¬ÙˆÙ‰ ÙƒØ±Ù… ... Ù…Ù„Ø¹ÙˆÙ† Ø§Ø¨Ùˆ Ø§Ù„Ø¹Ø´Ù‚ - ÙÙŠØ¯ÙŠÙˆ ÙƒÙ„ÙŠØ¨,Rotana,Rotana,2019-04-11T17:45:45Z,https://www.youtube.com/watch?v=MamJtYJKdPU,https://i.ytimg.com/vi/MamJtYJKdPU/mqdefault.jpg
EihOaWlA4zc,Ø£ØºØ§Ù†ÙŠ Ù„Ø¨Ù†Ø§Ù†ÙŠØ© Ù‚Ø¯ÙŠÙ…Ø© - ÙˆØ¯ÙŠØ¹ Ø§Ù„ØµØ§ÙÙŠ Wadih El Safi,Ø°ÙƒØ±ÙŠØ§Øª Ø§Ù„Ø£ÙŠØ§Ù… Ø§Ù„Ø­Ù„ÙˆØ©,Ø°ÙƒØ±ÙŠØ§Øª Ø§Ù„Ø£ÙŠØ§Ù… Ø§Ù„Ø­Ù„ÙˆØ©,2021-09-01T01:53:31Z,https://www.youtube.com/watch?v=EihOaWlA4zc,https://i.ytimg.com/vi/EihOaWlA4zc/mqdefault.jpg
kwiwnAJch3Q,Fares Karam - Aal Hada | New Version - Official Video Clip 2023 | ÙØ§Ø±Ø³ ÙƒØ±Ù… - Ø¹Ø§Ù„Ù‡Ø¯Ø§,Rotana,Rotana,2023-03-14T16:00:10Z,https://www.youtube.com/watch?v=kwiwnAJch3Q,https://i.ytimg.com/vi/kwiwnAJch3Q/mqdefault.jpg
I42beur0T1o,Jad Khalife - Taa Ya Habibi [Music Video] (2014) / Ø¬Ø§Ø¯ Ø®Ù„ÙŠÙØ© - ØªØ¹Ø§ ÙŠØ§ Ø­Ø¨ÙŠØ¨ÙŠ,Jad Khalife,Jad Khalife,2014-02-26T12:57:57Z,https://www.youtube.com/watch?v=I42beur0T1o,https://i.ytimg.com/vi/I42beur0T1o/mqdefault.jpg
5i40jN0k9S0,Elissa - Hobbak Metl Beirut | Music Video 2024 Ø¥Ù„ÙŠØ³Ø§ - Ø­ÙØ¨Ù‘ÙÙƒ Ù…ØªÙ„ Ø¨ÙŠØ±ÙˆØª,Elissa,Elissa,2024-12-05T14:50:03Z,https://www.youtube.com/watch?v=5i40jN0k9S0,https://i.ytimg.com/vi/5i40jN0k9S0/mqdefault.jpg
YOjq0ag2DqA,Fares Karam - Elli Byekzob 3a Marto / ÙØ§Ø±Ø³ ÙƒØ±Ù… - Ø§Ù„Ù„ÙŠ Ø¨ÙŠÙƒØ°Ø¨ Ø¹Ù Ù…Ø±ØªÙˆ,Rotana,Rotana,2012-06-25T15:53:00Z,https://www.youtube.com/watch?v=YOjq0ag2DqA,https://i.ytimg.com/vi/YOjq0ag2DqA/mqdefault.jpg
2tnAgz-juJc,Assi El Hallani - Bahebek We Bghar | Official Music Video | Ø¹Ø§ØµÙ‰ Ø§Ù„Ø­Ù„Ø§Ù†Ù‰ - Ø¨Ø­Ø¨Ùƒ ÙˆØ¨ØºØ§Ø±,Rotana,Rotana,2012-10-06T01:37:06Z,https://www.youtube.com/watch?v=2tnAgz-juJc,https://i.ytimg.com/vi/2tnAgz-juJc/mqdefault.jpg
